customer_id,Segment
166,Budget-conscious
139,At risk / inactive customers
484,Budget-conscious
508,At risk / inactive customers
119,At risk / inactive customers
293,At risk / inactive customers
97,Budget-conscious
18,Occasional
537,Budget-conscious
167,Budget-conscious
147,Budget-conscious
223,Budget-conscious
315,Budget-conscious
488,At risk / inactive customers
106,Budget-conscious
582,Budget-conscious
358,Budget-conscious
587,Occasional
386,At risk / inactive customers
281,Budget-conscious
589,Budget-conscious
604,At risk / inactive customers
62,Occasional
289,Occasional
126,At risk / inactive customers
334,Budget-conscious
182,At risk / inactive customers
214,At risk / inactive customers
627,Budget-conscious
309,At risk / inactive customers
574,Budget-conscious
624,At risk / inactive customers
6,At risk / inactive customers
490,At risk / inactive customers
3,Budget-conscious
159,Occasional
102,Occasional
457,At risk / inactive customers
598,Budget-conscious
93,Budget-conscious
446,Occasional
523,At risk / inactive customers
418,Budget-conscious
162,Budget-conscious
249,Budget-conscious
583,Budget-conscious
501,Budget-conscious
220,Budget-conscious
571,Budget-conscious
148,Budget-conscious
445,Budget-conscious
241,At risk / inactive customers
359,Occasional
403,Occasional
564,Budget-conscious
346,At risk / inactive customers
143,At risk / inactive customers
150,At risk / inactive customers
524,Budget-conscious
99,Budget-conscious
444,Occasional
190,Budget-conscious
634,Budget-conscious
416,At risk / inactive customers
425,Budget-conscious
568,Budget-conscious
16,At risk / inactive customers
23,Budget-conscious
607,At risk / inactive customers
417,At risk / inactive customers
369,At risk / inactive customers
563,At risk / inactive customers
614,Budget-conscious
584,At risk / inactive customers
476,Budget-conscious
586,Budget-conscious
392,Budget-conscious
173,Budget-conscious
149,At risk / inactive customers
632,At risk / inactive customers
323,At risk / inactive customers
286,At risk / inactive customers
623,Budget-conscious
39,At risk / inactive customers
608,At risk / inactive customers
124,Budget-conscious
229,Budget-conscious
592,Occasional
313,Budget-conscious
168,Budget-conscious
344,Budget-conscious
74,Occasional
216,Budget-conscious
520,Budget-conscious
407,At risk / inactive customers
270,Budget-conscious
188,Budget-conscious
536,Occasional
251,Occasional
377,Budget-conscious
460,Occasional
227,Budget-conscious
288,Budget-conscious
219,At risk / inactive customers
502,Budget-conscious
353,Occasional
144,Budget-conscious
217,At risk / inactive customers
530,Budget-conscious
37,Budget-conscious
521,At risk / inactive customers
274,Occasional
253,At risk / inactive customers
125,Budget-conscious
548,Budget-conscious
415,Occasional
256,Budget-conscious
299,At risk / inactive customers
463,Budget-conscious
205,Budget-conscious
54,Budget-conscious
478,Budget-conscious
311,Budget-conscious
596,Budget-conscious
439,Budget-conscious
516,At risk / inactive customers
427,Occasional
292,At risk / inactive customers
515,Budget-conscious
395,At risk / inactive customers
491,At risk / inactive customers
232,Budget-conscious
314,Budget-conscious
540,Budget-conscious
259,Budget-conscious
49,Budget-conscious
178,Budget-conscious
528,Occasional
517,Budget-conscious
625,At risk / inactive customers
306,Budget-conscious
4,Budget-conscious
639,Budget-conscious
135,At risk / inactive customers
551,Occasional
504,At risk / inactive customers
532,Budget-conscious
452,Budget-conscious
376,Budget-conscious
21,Budget-conscious
283,Occasional
432,At risk / inactive customers
633,At risk / inactive customers
538,At risk / inactive customers
56,Occasional
226,Occasional
75,Budget-conscious
41,Occasional
165,Occasional
265,At risk / inactive customers
466,At risk / inactive customers
27,Budget-conscious
55,At risk / inactive customers
304,Occasional
34,Budget-conscious
553,Occasional
72,At risk / inactive customers
278,Budget-conscious
234,At risk / inactive customers
5,At risk / inactive customers
79,Occasional
616,Occasional
7,Occasional
297,At risk / inactive customers
212,Budget-conscious
514,At risk / inactive customers
105,Budget-conscious
339,Budget-conscious
69,Budget-conscious
513,At risk / inactive customers
258,Occasional
198,Budget-conscious
424,Occasional
396,Budget-conscious
458,Budget-conscious
160,Occasional
31,At risk / inactive customers
240,At risk / inactive customers
378,Budget-conscious
385,Occasional
103,At risk / inactive customers
394,At risk / inactive customers
384,Budget-conscious
186,At risk / inactive customers
67,At risk / inactive customers
199,Budget-conscious
485,Budget-conscious
206,Budget-conscious
342,Occasional
235,Occasional
196,At risk / inactive customers
189,Budget-conscious
111,Budget-conscious
560,At risk / inactive customers
146,Budget-conscious
90,Budget-conscious
467,Budget-conscious
473,Budget-conscious
370,At risk / inactive customers
401,Occasional
562,Budget-conscious
361,Budget-conscious
433,Budget-conscious
324,Budget-conscious
44,At risk / inactive customers
388,Budget-conscious
204,At risk / inactive customers
247,Budget-conscious
36,Budget-conscious
547,At risk / inactive customers
121,At risk / inactive customers
350,Budget-conscious
158,Budget-conscious
66,Budget-conscious
12,At risk / inactive customers
552,Budget-conscious
157,Occasional
114,Budget-conscious
255,At risk / inactive customers
15,Occasional
487,Budget-conscious
302,Occasional
503,Budget-conscious
338,At risk / inactive customers
38,Budget-conscious
621,Occasional
399,At risk / inactive customers
202,Occasional
611,Budget-conscious
495,At risk / inactive customers
152,Budget-conscious
534,Budget-conscious
161,At risk / inactive customers
542,At risk / inactive customers
308,At risk / inactive customers
437,At risk / inactive customers
272,Budget-conscious
122,Occasional
454,At risk / inactive customers
89,At risk / inactive customers
163,Budget-conscious
481,At risk / inactive customers
328,Occasional
100,At risk / inactive customers
434,Budget-conscious
176,Budget-conscious
561,Budget-conscious
133,Budget-conscious
20,At risk / inactive customers
246,At risk / inactive customers
88,Budget-conscious
29,Occasional
48,At risk / inactive customers
185,At risk / inactive customers
201,Budget-conscious
337,At risk / inactive customers
380,Occasional
482,Occasional
451,At risk / inactive customers
61,Occasional
261,At risk / inactive customers
406,Budget-conscious
155,Occasional
86,Budget-conscious
316,At risk / inactive customers
267,At risk / inactive customers
104,Budget-conscious
263,At risk / inactive customers
83,Budget-conscious
10,At risk / inactive customers
357,Budget-conscious
300,Budget-conscious
221,Budget-conscious
130,At risk / inactive customers
601,Occasional
98,Budget-conscious
1,Occasional
500,At risk / inactive customers
365,At risk / inactive customers
566,Budget-conscious
87,Occasional
113,Budget-conscious
109,Occasional
468,Budget-conscious
572,Occasional
539,At risk / inactive customers
472,Budget-conscious
294,Budget-conscious
68,Occasional
518,At risk / inactive customers
71,At risk / inactive customers
638,Budget-conscious
273,Budget-conscious
25,Budget-conscious
643,Budget-conscious
242,Budget-conscious
91,At risk / inactive customers
252,Budget-conscious
389,Occasional
333,Occasional
210,Budget-conscious
47,At risk / inactive customers
529,At risk / inactive customers
462,At risk / inactive customers
268,Occasional
317,Occasional
321,Budget-conscious
512,Budget-conscious
443,At risk / inactive customers
362,At risk / inactive customers
449,Occasional
184,Occasional
84,At risk / inactive customers
526,Budget-conscious
295,Occasional
142,Budget-conscious
73,Budget-conscious
177,Budget-conscious
230,Occasional
14,Occasional
606,Occasional
92,At risk / inactive customers
620,Budget-conscious
183,Occasional
414,Budget-conscious
96,Occasional
413,Budget-conscious
510,Budget-conscious
164,Occasional
45,Occasional
250,Budget-conscious
390,Occasional
132,Occasional
254,Occasional
248,Budget-conscious
644,At risk / inactive customers
244,Budget-conscious
2,Budget-conscious
260,At risk / inactive customers
11,At risk / inactive customers
307,Occasional
471,Budget-conscious
117,Budget-conscious
24,Occasional
492,At risk / inactive customers
366,At risk / inactive customers
441,Budget-conscious
40,Budget-conscious
115,Budget-conscious
519,Budget-conscious
275,Budget-conscious
325,At risk / inactive customers
410,Budget-conscious
368,Budget-conscious
498,At risk / inactive customers
435,Budget-conscious
398,At risk / inactive customers
347,Occasional
215,At risk / inactive customers
179,Budget-conscious
137,Budget-conscious
76,Budget-conscious
290,At risk / inactive customers
243,Budget-conscious
375,Occasional
233,At risk / inactive customers
345,Budget-conscious
402,At risk / inactive customers
373,At risk / inactive customers
600,Occasional
436,At risk / inactive customers
360,At risk / inactive customers
320,Budget-conscious
381,Budget-conscious
19,Budget-conscious
461,At risk / inactive customers
172,Occasional
349,Budget-conscious
522,Budget-conscious
312,At risk / inactive customers
397,At risk / inactive customers
197,At risk / inactive customers
203,At risk / inactive customers
420,At risk / inactive customers
404,At risk / inactive customers
555,Budget-conscious
194,Budget-conscious
228,Budget-conscious
355,Occasional
237,At risk / inactive customers
322,Occasional
511,Budget-conscious
629,At risk / inactive customers
116,At risk / inactive customers
341,Occasional
291,Budget-conscious
615,Budget-conscious
440,Budget-conscious
175,At risk / inactive customers
557,Budget-conscious
635,Budget-conscious
110,Occasional
363,Budget-conscious
428,Budget-conscious
641,Budget-conscious
310,At risk / inactive customers
509,Occasional
305,Budget-conscious
191,Budget-conscious
580,At risk / inactive customers
269,At risk / inactive customers
128,Occasional
58,Occasional
351,At risk / inactive customers
107,Occasional
327,Occasional
131,Occasional
319,Occasional
383,Occasional
279,Budget-conscious
9,Budget-conscious
618,Budget-conscious
622,Budget-conscious
640,Occasional
613,At risk / inactive customers
382,Budget-conscious
43,Budget-conscious
576,Budget-conscious
559,At risk / inactive customers
544,Budget-conscious
154,At risk / inactive customers
285,Budget-conscious
208,Budget-conscious
187,At risk / inactive customers
496,Budget-conscious
626,Budget-conscious
80,Budget-conscious
33,Budget-conscious
28,Occasional
391,Budget-conscious
57,Occasional
138,At risk / inactive customers
26,Occasional
599,Occasional
78,Budget-conscious
558,At risk / inactive customers
30,At risk / inactive customers
169,Budget-conscious
393,Budget-conscious
412,At risk / inactive customers
442,Occasional
367,Budget-conscious
577,At risk / inactive customers
318,At risk / inactive customers
637,Occasional
120,Occasional
594,Occasional
448,Occasional
421,Budget-conscious
591,Budget-conscious
60,Budget-conscious
541,Occasional
570,Occasional
296,Budget-conscious
65,Budget-conscious
151,Budget-conscious
497,Budget-conscious
239,Occasional
348,Occasional
13,Occasional
408,Occasional
612,Occasional
379,Occasional
486,Occasional
567,Budget-conscious
280,Budget-conscious
455,At risk / inactive customers
550,At risk / inactive customers
207,At risk / inactive customers
371,Budget-conscious
474,Budget-conscious
489,At risk / inactive customers
343,At risk / inactive customers
493,Occasional
145,Budget-conscious
140,At risk / inactive customers
603,Budget-conscious
556,Budget-conscious
469,At risk / inactive customers
331,Budget-conscious
85,Occasional
554,Occasional
405,Budget-conscious
578,Budget-conscious
287,At risk / inactive customers
335,Budget-conscious
352,At risk / inactive customers
364,At risk / inactive customers
101,Budget-conscious
70,Budget-conscious
211,At risk / inactive customers
329,Occasional
238,At risk / inactive customers
506,Budget-conscious
330,Budget-conscious
225,Budget-conscious
494,At risk / inactive customers
271,Occasional
108,Budget-conscious
50,Occasional
156,Budget-conscious
141,Occasional
465,At risk / inactive customers
579,Budget-conscious
277,At risk / inactive customers
453,At risk / inactive customers
298,At risk / inactive customers
52,Occasional
459,Budget-conscious
95,Occasional
533,Budget-conscious
549,Occasional
340,Budget-conscious
200,Budget-conscious
400,Budget-conscious
423,Occasional
123,At risk / inactive customers
374,Occasional
419,At risk / inactive customers
284,Budget-conscious
507,Budget-conscious
32,At risk / inactive customers
51,Budget-conscious
82,Budget-conscious
264,At risk / inactive customers
593,Budget-conscious
597,Budget-conscious
59,Budget-conscious
127,Budget-conscious
303,Occasional
35,Budget-conscious
46,At risk / inactive customers
180,Budget-conscious
64,Budget-conscious
209,Budget-conscious
581,Budget-conscious
411,Occasional
42,Occasional
336,At risk / inactive customers
354,Occasional
236,Budget-conscious
602,Budget-conscious
628,Occasional
17,Occasional
617,Budget-conscious
429,At risk / inactive customers
505,Occasional
426,Budget-conscious
479,Budget-conscious
193,Budget-conscious
450,Budget-conscious
8,Budget-conscious
195,At risk / inactive customers
590,At risk / inactive customers
438,At risk / inactive customers
94,Budget-conscious
301,At risk / inactive customers
409,At risk / inactive customers
282,Budget-conscious
326,At risk / inactive customers
605,At risk / inactive customers
546,At risk / inactive customers
610,Occasional
636,Budget-conscious
545,Budget-conscious
588,At risk / inactive customers
645,Budget-conscious
619,Occasional
531,At risk / inactive customers
81,Occasional
470,At risk / inactive customers
112,Budget-conscious
565,Budget-conscious
535,Budget-conscious
356,Occasional
245,Budget-conscious
642,At risk / inactive customers
499,Budget-conscious
77,At risk / inactive customers
525,At risk / inactive customers
456,At risk / inactive customers
569,Budget-conscious
573,Budget-conscious
575,Occasional
192,Occasional
585,At risk / inactive customers
631,At risk / inactive customers
543,At risk / inactive customers
118,Budget-conscious
231,Budget-conscious
527,Budget-conscious
422,At risk / inactive customers
181,At risk / inactive customers
609,At risk / inactive customers
170,At risk / inactive customers
153,At risk / inactive customers
630,At risk / inactive customers
431,Occasional
480,At risk / inactive customers
22,Budget-conscious
218,Budget-conscious
134,At risk / inactive customers
430,Budget-conscious
595,Budget-conscious
266,Occasional
222,Occasional
53,Budget-conscious
129,Occasional
477,Budget-conscious
224,At risk / inactive customers
171,Budget-conscious
63,Budget-conscious
372,At risk / inactive customers
213,Occasional
276,Occasional
262,At risk / inactive customers
447,Occasional
174,At risk / inactive customers
464,Budget-conscious
332,At risk / inactive customers
387,At risk / inactive customers
483,At risk / inactive customers
136,Budget-conscious
475,At risk / inactive customers
257,Budget-conscious
2383,At risk / inactive customers
3895,At risk / inactive customers
1219,Occasional
3736,Occasional
3676,Occasional
1175,Budget-conscious
3747,Occasional
998,Budget-conscious
2722,Occasional
2508,Budget-conscious
2812,Occasional
764,Budget-conscious
1105,Budget-conscious
3491,At risk / inactive customers
3912,Budget-conscious
3183,Occasional
3466,Occasional
737,Occasional
812,Budget-conscious
3421,Budget-conscious
3391,Budget-conscious
1452,Budget-conscious
2685,Occasional
1396,Occasional
2528,Occasional
3515,Occasional
1581,At risk / inactive customers
3778,Budget-conscious
3410,Budget-conscious
1506,Occasional
3844,Occasional
2795,Occasional
901,Budget-conscious
995,At risk / inactive customers
2393,Occasional
3469,Budget-conscious
2140,Budget-conscious
2638,Occasional
3630,Occasional
1408,Occasional
2280,Budget-conscious
2558,At risk / inactive customers
967,Budget-conscious
3961,Occasional
1157,Occasional
1685,At risk / inactive customers
3119,Occasional
727,Budget-conscious
829,Budget-conscious
3948,Budget-conscious
2373,Budget-conscious
846,Budget-conscious
2392,Budget-conscious
2973,Occasional
3782,Budget-conscious
3318,Occasional
2502,Budget-conscious
2555,Occasional
1181,At risk / inactive customers
1586,Budget-conscious
992,Occasional
1740,Budget-conscious
1444,Budget-conscious
3227,Occasional
2898,Budget-conscious
1845,Occasional
2681,Budget-conscious
744,Budget-conscious
3497,Budget-conscious
3100,Budget-conscious
3864,Budget-conscious
3472,At risk / inactive customers
3237,Budget-conscious
1071,Occasional
1916,Budget-conscious
1694,Budget-conscious
3930,Budget-conscious
2640,Budget-conscious
1992,Occasional
3766,Occasional
2447,Budget-conscious
2327,Budget-conscious
1493,At risk / inactive customers
1928,At risk / inactive customers
1224,Budget-conscious
1589,Budget-conscious
1523,At risk / inactive customers
1019,Budget-conscious
1673,Occasional
2389,At risk / inactive customers
3143,Budget-conscious
1703,Budget-conscious
1922,Occasional
2972,At risk / inactive customers
1270,At risk / inactive customers
3400,Budget-conscious
2173,Occasional
3826,Occasional
2515,Occasional
2113,At risk / inactive customers
792,Budget-conscious
1583,Occasional
986,Occasional
3929,Budget-conscious
3511,Budget-conscious
659,Occasional
1605,At risk / inactive customers
3527,Budget-conscious
3804,At risk / inactive customers
2039,Occasional
2222,Occasional
1820,Budget-conscious
1827,At risk / inactive customers
946,Occasional
2917,At risk / inactive customers
1487,Occasional
3134,At risk / inactive customers
1789,Budget-conscious
2151,Budget-conscious
1525,At risk / inactive customers
1428,Budget-conscious
691,Occasional
1701,Budget-conscious
3709,Budget-conscious
926,Budget-conscious
3361,Budget-conscious
875,Budget-conscious
3063,Occasional
3478,At risk / inactive customers
3503,At risk / inactive customers
3241,At risk / inactive customers
692,Budget-conscious
3697,At risk / inactive customers
2334,Occasional
3932,Budget-conscious
1695,Budget-conscious
2121,Occasional
1939,At risk / inactive customers
1299,Budget-conscious
3532,At risk / inactive customers
1362,At risk / inactive customers
1023,Occasional
3341,Occasional
2789,Occasional
3397,At risk / inactive customers
1623,Occasional
3614,Budget-conscious
3801,Occasional
2883,Occasional
3588,Budget-conscious
3637,Budget-conscious
1235,At risk / inactive customers
2449,Budget-conscious
2657,At risk / inactive customers
2644,Budget-conscious
3610,Budget-conscious
3898,Occasional
3621,Budget-conscious
2689,Budget-conscious
3652,Occasional
1877,Budget-conscious
1696,Budget-conscious
2803,Budget-conscious
1340,Budget-conscious
1924,Budget-conscious
845,At risk / inactive customers
3542,Budget-conscious
3549,Budget-conscious
1538,Budget-conscious
994,At risk / inactive customers
3922,Occasional
2385,Occasional
2962,Occasional
873,Occasional
2441,Budget-conscious
1030,At risk / inactive customers
3337,Budget-conscious
798,Budget-conscious
3810,Occasional
876,Occasional
2946,Budget-conscious
3086,At risk / inactive customers
3584,Budget-conscious
3544,Occasional
2474,Occasional
3226,Budget-conscious
2600,Budget-conscious
2784,Occasional
2157,Occasional
1953,At risk / inactive customers
2270,Budget-conscious
1142,At risk / inactive customers
1884,Budget-conscious
3564,Budget-conscious
1098,Budget-conscious
2468,At risk / inactive customers
1277,At risk / inactive customers
2878,Occasional
2041,Budget-conscious
3020,At risk / inactive customers
3191,At risk / inactive customers
1738,Occasional
3218,Budget-conscious
2805,At risk / inactive customers
3488,At risk / inactive customers
3424,Budget-conscious
3368,Budget-conscious
3153,Budget-conscious
885,Budget-conscious
3862,Occasional
2741,Budget-conscious
685,Occasional
3296,Budget-conscious
3780,At risk / inactive customers
2477,At risk / inactive customers
3530,At risk / inactive customers
2022,Budget-conscious
2965,Occasional
2564,Budget-conscious
3642,Budget-conscious
961,Budget-conscious
3106,Budget-conscious
1958,At risk / inactive customers
1288,Occasional
1006,Occasional
3242,Occasional
3534,Budget-conscious
1032,Budget-conscious
2016,At risk / inactive customers
1315,Budget-conscious
913,At risk / inactive customers
980,Occasional
3046,At risk / inactive customers
3878,Budget-conscious
2646,Budget-conscious
2529,Occasional
2833,Budget-conscious
2064,Occasional
2854,At risk / inactive customers
3258,Occasional
750,At risk / inactive customers
939,Budget-conscious
2260,Occasional
3238,Budget-conscious
1550,Budget-conscious
2435,Occasional
2699,Budget-conscious
1609,At risk / inactive customers
1194,At risk / inactive customers
1982,Budget-conscious
3945,Budget-conscious
2395,Occasional
1380,Occasional
1489,At risk / inactive customers
1968,At risk / inactive customers
1595,At risk / inactive customers
3739,Budget-conscious
1423,Occasional
1904,Occasional
2366,Occasional
2656,Budget-conscious
1376,Budget-conscious
1134,At risk / inactive customers
729,Occasional
2720,Occasional
2843,At risk / inactive customers
1712,Budget-conscious
1873,Occasional
1390,At risk / inactive customers
1429,Occasional
2700,Occasional
3325,Occasional
2926,Occasional
3265,Occasional
2305,At risk / inactive customers
1644,Budget-conscious
2310,At risk / inactive customers
3197,Budget-conscious
1665,Budget-conscious
710,At risk / inactive customers
1539,Budget-conscious
2859,Occasional
917,Budget-conscious
3993,At risk / inactive customers
2908,Occasional
2880,Budget-conscious
1832,At risk / inactive customers
1935,Occasional
1002,Budget-conscious
1476,Budget-conscious
2538,Budget-conscious
1677,Occasional
3110,Occasional
1823,Budget-conscious
1674,Occasional
1352,Occasional
2550,Occasional
1456,Occasional
993,At risk / inactive customers
2920,At risk / inactive customers
3395,Occasional
958,Budget-conscious
1780,Budget-conscious
1601,Occasional
1730,Occasional
1438,Budget-conscious
2631,Budget-conscious
1897,Occasional
3672,Occasional
2846,Budget-conscious
1556,Budget-conscious
1302,Budget-conscious
3508,Budget-conscious
3200,Budget-conscious
1786,Budget-conscious
2664,Occasional
2890,Occasional
1516,At risk / inactive customers
3942,At risk / inactive customers
1915,At risk / inactive customers
3728,Occasional
1908,At risk / inactive customers
2554,Occasional
2947,Occasional
1680,Budget-conscious
2928,Occasional
2335,Budget-conscious
2235,At risk / inactive customers
1003,Budget-conscious
647,Budget-conscious
1470,At risk / inactive customers
2051,Occasional
3196,At risk / inactive customers
3231,Budget-conscious
3587,Budget-conscious
2319,Budget-conscious
1173,Budget-conscious
907,Budget-conscious
654,At risk / inactive customers
908,Occasional
3741,Occasional
1248,At risk / inactive customers
1994,Budget-conscious
3081,Budget-conscious
3525,Budget-conscious
780,Budget-conscious
3163,At risk / inactive customers
2540,Budget-conscious
1178,Budget-conscious
2658,Occasional
3298,Occasional
687,Occasional
801,Budget-conscious
2116,Budget-conscious
1017,Occasional
1169,Occasional
2524,Budget-conscious
2742,Occasional
3321,Budget-conscious
1899,Occasional
3092,Occasional
3450,Occasional
3140,Occasional
2651,Budget-conscious
1551,Occasional
3505,At risk / inactive customers
2869,Budget-conscious
3289,Occasional
2785,Budget-conscious
3300,At risk / inactive customers
2109,Budget-conscious
3638,Budget-conscious
2416,Occasional
2387,Occasional
3387,Occasional
2716,Budget-conscious
966,Occasional
1432,Occasional
2386,Budget-conscious
2080,Occasional
2046,Occasional
2584,Occasional
3000,At risk / inactive customers
1607,Occasional
1880,At risk / inactive customers
2735,Budget-conscious
3261,Budget-conscious
3522,Budget-conscious
2723,Occasional
3051,Budget-conscious
3179,At risk / inactive customers
2649,Occasional
3334,At risk / inactive customers
2877,Budget-conscious
3297,At risk / inactive customers
2667,Occasional
712,At risk / inactive customers
1064,Budget-conscious
3617,Budget-conscious
3921,At risk / inactive customers
3004,Budget-conscious
2790,At risk / inactive customers
1404,Occasional
2989,Occasional
3748,Budget-conscious
1254,Budget-conscious
1821,Occasional
2158,Budget-conscious
2023,Budget-conscious
3175,Occasional
2791,At risk / inactive customers
1128,At risk / inactive customers
1015,Occasional
2171,Budget-conscious
1274,Budget-conscious
1013,Budget-conscious
1781,Budget-conscious
2079,Occasional
1171,Occasional
3591,Budget-conscious
1949,Occasional
1481,Budget-conscious
3550,At risk / inactive customers
2194,At risk / inactive customers
983,Occasional
1307,At risk / inactive customers
1121,Occasional
2787,Budget-conscious
1719,At risk / inactive customers
2396,Budget-conscious
728,Occasional
2997,Budget-conscious
867,At risk / inactive customers
2698,Occasional
2902,Occasional
1772,At risk / inactive customers
3660,At risk / inactive customers
2302,Occasional
2112,Budget-conscious
760,Occasional
2718,Budget-conscious
2690,Budget-conscious
2231,At risk / inactive customers
1320,Budget-conscious
1141,Budget-conscious
3971,Occasional
3956,At risk / inactive customers
3389,Budget-conscious
1281,At risk / inactive customers
3180,Occasional
808,Occasional
2568,Occasional
3873,Budget-conscious
2432,Occasional
759,Budget-conscious
3339,Budget-conscious
3429,At risk / inactive customers
1502,Budget-conscious
2906,Budget-conscious
2014,Occasional
1446,Budget-conscious
2759,Budget-conscious
2339,At risk / inactive customers
1151,Occasional
849,Occasional
2186,Occasional
2637,Budget-conscious
1668,At risk / inactive customers
1162,Budget-conscious
670,At risk / inactive customers
837,Occasional
3214,At risk / inactive customers
1852,Budget-conscious
1477,Occasional
1996,Occasional
2734,Budget-conscious
2442,Occasional
2180,At risk / inactive customers
2138,Budget-conscious
3962,Occasional
2999,Budget-conscious
1831,Occasional
693,Occasional
667,Occasional
2872,Occasional
3161,Occasional
2930,At risk / inactive customers
3234,At risk / inactive customers
1509,Budget-conscious
2413,At risk / inactive customers
2652,Occasional
3314,At risk / inactive customers
3723,At risk / inactive customers
2163,Budget-conscious
2379,Occasional
1389,Occasional
3681,At risk / inactive customers
1202,Budget-conscious
3521,Occasional
1402,Occasional
2212,Budget-conscious
3757,At risk / inactive customers
2546,Budget-conscious
2159,At risk / inactive customers
2799,Budget-conscious
911,Occasional
1323,Budget-conscious
2907,Budget-conscious
1182,Budget-conscious
2255,Budget-conscious
1458,Budget-conscious
3419,Occasional
2008,Budget-conscious
1465,Occasional
2777,Budget-conscious
1083,Occasional
3749,Budget-conscious
742,Occasional
3233,Occasional
943,Budget-conscious
2311,Occasional
1382,Budget-conscious
1222,Budget-conscious
774,Budget-conscious
3402,At risk / inactive customers
3954,At risk / inactive customers
2091,Occasional
1088,At risk / inactive customers
1392,At risk / inactive customers
1384,Occasional
3354,At risk / inactive customers
2591,Occasional
2287,Budget-conscious
1802,Budget-conscious
3131,Budget-conscious
3174,Occasional
3099,At risk / inactive customers
2904,Occasional
3600,Budget-conscious
2950,Occasional
2635,At risk / inactive customers
3785,Occasional
809,Budget-conscious
1303,Occasional
1292,At risk / inactive customers
2233,Occasional
3202,Budget-conscious
3250,At risk / inactive customers
3753,Occasional
2094,Budget-conscious
2165,Budget-conscious
1580,Occasional
902,Occasional
1120,At risk / inactive customers
850,Budget-conscious
2889,Budget-conscious
2355,Occasional
3287,At risk / inactive customers
3295,Occasional
797,Occasional
1807,Budget-conscious
2417,Occasional
3414,At risk / inactive customers
3036,Occasional
1878,At risk / inactive customers
2304,Occasional
3347,Occasional
2128,Occasional
3422,Budget-conscious
748,At risk / inactive customers
1906,Occasional
3073,Budget-conscious
2782,Occasional
2033,Occasional
3784,Occasional
2017,At risk / inactive customers
2197,Budget-conscious
3752,Occasional
3937,Occasional
2228,Occasional
1857,Budget-conscious
3275,Budget-conscious
3657,Budget-conscious
2825,Budget-conscious
1490,Budget-conscious
2537,Occasional
3528,Occasional
3065,At risk / inactive customers
3799,Occasional
1174,Occasional
3001,At risk / inactive customers
719,Budget-conscious
1038,At risk / inactive customers
930,Occasional
2680,Budget-conscious
1537,Occasional
2514,Budget-conscious
3249,Budget-conscious
651,At risk / inactive customers
3343,Budget-conscious
3869,At risk / inactive customers
3746,Occasional
1849,Occasional
3546,Budget-conscious
1887,At risk / inactive customers
3322,Occasional
3944,Budget-conscious
2295,Occasional
1776,Budget-conscious
2580,Budget-conscious
2457,Occasional
2830,Budget-conscious
1859,Budget-conscious
2370,Budget-conscious
2811,Budget-conscious
3080,Occasional
1031,At risk / inactive customers
840,Occasional
1604,Occasional
2203,Budget-conscious
2587,Budget-conscious
1834,Budget-conscious
3674,Budget-conscious
3084,Budget-conscious
886,Occasional
2408,Occasional
3425,Budget-conscious
2822,At risk / inactive customers
1997,Budget-conscious
1407,Budget-conscious
1709,Budget-conscious
2870,Budget-conscious
2776,Budget-conscious
2363,Occasional
1742,At risk / inactive customers
3567,Occasional
1416,Budget-conscious
1758,Occasional
1206,Occasional
1690,Budget-conscious
656,At risk / inactive customers
1260,Occasional
3750,Occasional
1536,Occasional
2458,Budget-conscious
3050,Occasional
3308,Budget-conscious
2125,At risk / inactive customers
3194,Budget-conscious
3160,Occasional
2196,At risk / inactive customers
2771,Occasional
2130,Budget-conscious
2428,Occasional
3957,Occasional
1582,Occasional
3798,At risk / inactive customers
2819,Budget-conscious
3683,Occasional
741,Budget-conscious
1931,Budget-conscious
3256,Budget-conscious
2239,Budget-conscious
1933,Budget-conscious
1693,Budget-conscious
3760,Occasional
1024,Occasional
3433,Budget-conscious
1836,Budget-conscious
2424,At risk / inactive customers
1653,At risk / inactive customers
1111,Occasional
3059,Budget-conscious
3729,Budget-conscious
786,Budget-conscious
2007,Occasional
2788,Budget-conscious
3579,Occasional
1495,At risk / inactive customers
3563,At risk / inactive customers
2617,Occasional
788,Budget-conscious
2390,Budget-conscious
909,Budget-conscious
3468,At risk / inactive customers
3533,Budget-conscious
3044,Budget-conscious
3317,Occasional
1289,Budget-conscious
3116,Occasional
3732,At risk / inactive customers
2939,Budget-conscious
1046,Occasional
870,At risk / inactive customers
1008,Occasional
2015,Occasional
920,Occasional
2545,Occasional
2472,Occasional
1168,At risk / inactive customers
2801,Occasional
3247,Budget-conscious
3764,Budget-conscious
825,Occasional
3986,At risk / inactive customers
3362,Occasional
753,Budget-conscious
1868,Budget-conscious
3529,Occasional
3213,Occasional
800,At risk / inactive customers
2329,Occasional
3281,Budget-conscious
3880,At risk / inactive customers
1247,Occasional
2423,Budget-conscious
3107,Budget-conscious
3315,At risk / inactive customers
3208,At risk / inactive customers
3228,Budget-conscious
707,Occasional
2328,Occasional
3734,Occasional
1565,Occasional
2391,Occasional
3598,At risk / inactive customers
2320,Occasional
1044,Occasional
1122,Budget-conscious
1197,Budget-conscious
2100,Budget-conscious
1710,Occasional
771,Occasional
1180,Budget-conscious
2521,At risk / inactive customers
896,Budget-conscious
1679,Budget-conscious
2277,Occasional
2480,Budget-conscious
2483,Budget-conscious
2834,Occasional
3906,Budget-conscious
1326,At risk / inactive customers
3484,Occasional
2208,At risk / inactive customers
1263,Occasional
3841,Occasional
2851,Budget-conscious
1925,Budget-conscious
1394,Occasional
2485,Occasional
3152,At risk / inactive customers
1978,At risk / inactive customers
1354,At risk / inactive customers
2108,At risk / inactive customers
2779,Occasional
3735,Budget-conscious
887,Occasional
1087,Occasional
3211,At risk / inactive customers
2084,At risk / inactive customers
1209,Occasional
1792,Budget-conscious
2688,At risk / inactive customers
2047,Occasional
864,Occasional
2093,Budget-conscious
3079,Occasional
1327,Occasional
1727,Occasional
2188,Budget-conscious
1242,Budget-conscious
1530,Occasional
3608,At risk / inactive customers
802,Budget-conscious
3887,Budget-conscious
1598,Budget-conscious
3973,Budget-conscious
2573,Occasional
3068,Occasional
2816,Occasional
1041,Occasional
1218,At risk / inactive customers
984,Occasional
1809,Budget-conscious
1192,At risk / inactive customers
2701,Occasional
1856,Occasional
1341,Occasional
1911,Occasional
768,At risk / inactive customers
3925,Budget-conscious
3286,Budget-conscious
1035,Occasional
3379,Occasional
3169,Budget-conscious
2358,Occasional
2421,Occasional
1413,Occasional
1999,Occasional
814,Budget-conscious
3459,Occasional
3698,Budget-conscious
2513,Budget-conscious
1135,Budget-conscious
2153,Occasional
2712,Budget-conscious
3981,Occasional
1317,Budget-conscious
3145,Occasional
2461,Budget-conscious
1659,Occasional
3221,Occasional
1661,Occasional
1720,Budget-conscious
2765,At risk / inactive customers
3806,Occasional
3053,Budget-conscious
3640,Occasional
2237,Occasional
1319,Budget-conscious
2933,Budget-conscious
1099,Occasional
2590,Occasional
3434,Budget-conscious
1973,Occasional
964,Budget-conscious
3988,Occasional
2348,Budget-conscious
2738,Occasional
1043,At risk / inactive customers
1848,Budget-conscious
1473,Budget-conscious
1461,Budget-conscious
1216,Occasional
3451,At risk / inactive customers
2876,Occasional
1053,Budget-conscious
1093,Occasional
1147,Occasional
3305,Budget-conscious
703,Budget-conscious
2605,Budget-conscious
1217,Budget-conscious
2821,Budget-conscious
960,Budget-conscious
1817,At risk / inactive customers
694,Occasional
1814,Occasional
1519,Budget-conscious
1937,At risk / inactive customers
739,Occasional
2998,At risk / inactive customers
1654,Budget-conscious
2496,Budget-conscious
3255,At risk / inactive customers
3168,Budget-conscious
3688,At risk / inactive customers
3483,Occasional
1325,Occasional
2083,Budget-conscious
2525,Budget-conscious
2609,Budget-conscious
1143,Budget-conscious
3711,Budget-conscious
3426,Budget-conscious
1773,Occasional
1562,Occasional
2945,Budget-conscious
3987,At risk / inactive customers
2062,Occasional
3437,Occasional
1977,Budget-conscious
2369,Occasional
921,At risk / inactive customers
2531,Budget-conscious
3781,Budget-conscious
1503,Occasional
1596,At risk / inactive customers
2264,At risk / inactive customers
657,Occasional
2216,At risk / inactive customers
3808,Occasional
3960,Occasional
2218,Occasional
2523,Budget-conscious
3653,Occasional
905,Occasional
955,Occasional
1732,Budget-conscious
3112,Occasional
3010,Occasional
2572,Occasional
1903,Budget-conscious
1373,Occasional
1972,Budget-conscious
3223,Budget-conscious
1220,Occasional
3008,At risk / inactive customers
1722,At risk / inactive customers
2828,Budget-conscious
3120,Budget-conscious
1564,Budget-conscious
1012,Budget-conscious
1770,Budget-conscious
1265,Occasional
704,Budget-conscious
3539,At risk / inactive customers
935,Budget-conscious
3900,Occasional
2182,Occasional
3659,Occasional
1532,Budget-conscious
3444,At risk / inactive customers
1560,At risk / inactive customers
1750,At risk / inactive customers
1371,At risk / inactive customers
3383,Occasional
1558,Occasional
1743,Occasional
3715,Occasional
2223,At risk / inactive customers
3774,Occasional
1387,Budget-conscious
950,Occasional
3089,Budget-conscious
2241,Occasional
2602,Budget-conscious
2185,Budget-conscious
2368,Occasional
1329,At risk / inactive customers
1177,At risk / inactive customers
3618,Occasional
1812,Occasional
3461,At risk / inactive customers
3345,Occasional
1228,Budget-conscious
1569,Budget-conscious
2594,At risk / inactive customers
3294,Budget-conscious
2935,At risk / inactive customers
3487,Budget-conscious
3664,Occasional
1795,Occasional
3342,At risk / inactive customers
1756,Budget-conscious
796,Occasional
1851,At risk / inactive customers
3952,Budget-conscious
666,Occasional
804,Budget-conscious
2371,Budget-conscious
3133,Occasional
2448,Occasional
2886,Occasional
1918,Occasional
1804,Budget-conscious
1092,Budget-conscious
3633,Occasional
1504,At risk / inactive customers
3691,Occasional
2400,At risk / inactive customers
3040,At risk / inactive customers
1927,Budget-conscious
2482,Occasional
866,Budget-conscious
3902,At risk / inactive customers
1418,At risk / inactive customers
3269,Occasional
1081,Occasional
3181,At risk / inactive customers
1896,Occasional
2619,Occasional
1440,Occasional
3911,At risk / inactive customers
2808,At risk / inactive customers
3661,Budget-conscious
1464,Occasional
1546,At risk / inactive customers
2384,Budget-conscious
2694,At risk / inactive customers
3186,Occasional
1298,Budget-conscious
2418,At risk / inactive customers
3565,At risk / inactive customers
2576,Budget-conscious
3270,Budget-conscious
3384,Budget-conscious
2861,Budget-conscious
884,At risk / inactive customers
2427,Occasional
2899,Occasional
874,Budget-conscious
3235,Occasional
3240,Budget-conscious
1114,Occasional
2252,Budget-conscious
1119,Budget-conscious
3721,Occasional
3498,At risk / inactive customers
2520,At risk / inactive customers
1798,Occasional
2397,Occasional
1735,Budget-conscious
3171,Occasional
2006,Budget-conscious
2629,Budget-conscious
1200,Occasional
1883,Budget-conscious
3559,Occasional
2686,Occasional
2736,At risk / inactive customers
3763,Budget-conscious
2704,At risk / inactive customers
838,Occasional
3967,Occasional
2835,Occasional
1549,Budget-conscious
2797,Occasional
3404,Occasional
2492,At risk / inactive customers
3176,Budget-conscious
847,Budget-conscious
1026,Occasional
3201,Occasional
1439,At risk / inactive customers
1126,Occasional
1976,Budget-conscious
1328,Budget-conscious
2913,Budget-conscious
2131,Budget-conscious
3909,At risk / inactive customers
1236,At risk / inactive customers
1267,Budget-conscious
1021,Budget-conscious
3351,Occasional
3639,Budget-conscious
1227,Budget-conscious
2632,Budget-conscious
662,At risk / inactive customers
2453,Budget-conscious
1838,At risk / inactive customers
652,At risk / inactive customers
3575,At risk / inactive customers
970,Occasional
3793,Occasional
3769,At risk / inactive customers
2615,At risk / inactive customers
2206,Occasional
756,At risk / inactive customers
2697,Budget-conscious
1923,At risk / inactive customers
3881,Occasional
2003,Occasional
1594,Budget-conscious
2957,Occasional
1910,At risk / inactive customers
3733,Budget-conscious
938,Occasional
1062,Budget-conscious
2507,Occasional
3205,Budget-conscious
1724,Occasional
1790,Occasional
2986,Occasional
2434,Budget-conscious
1232,Occasional
3985,Occasional
851,Occasional
2053,Occasional
3108,Occasional
723,Budget-conscious
649,Occasional
3794,Occasional
1331,At risk / inactive customers
3288,Budget-conscious
1196,Budget-conscious
3042,Occasional
3920,At risk / inactive customers
2731,Budget-conscious
3717,At risk / inactive customers
2272,Occasional
3251,Occasional
1250,At risk / inactive customers
869,Budget-conscious
3886,At risk / inactive customers
2103,Budget-conscious
3899,Budget-conscious
3313,Occasional
3857,Budget-conscious
944,Budget-conscious
3968,Occasional
2909,At risk / inactive customers
1011,At risk / inactive customers
2900,Occasional
2034,Occasional
3690,Budget-conscious
2245,Budget-conscious
2882,Budget-conscious
2952,Budget-conscious
2627,Occasional
2823,At risk / inactive customers
2838,Occasional
2737,Occasional
1959,Occasional
1966,At risk / inactive customers
3011,Budget-conscious
843,Budget-conscious
3278,Budget-conscious
1566,At risk / inactive customers
2955,Budget-conscious
1468,Budget-conscious
3991,Budget-conscious
1721,At risk / inactive customers
2143,Occasional
3016,Occasional
1771,Budget-conscious
1597,Budget-conscious
852,At risk / inactive customers
2426,Occasional
3531,Budget-conscious
1068,Budget-conscious
2990,Occasional
2847,Occasional
3435,Budget-conscious
3970,At risk / inactive customers
3694,Occasional
3976,Budget-conscious
3613,Budget-conscious
2845,Occasional
2174,Budget-conscious
1578,Occasional
2445,At risk / inactive customers
3783,Occasional
3724,Budget-conscious
981,Occasional
3923,Occasional
1500,Budget-conscious
3401,Budget-conscious
2082,Occasional
3206,Budget-conscious
3096,Occasional
3363,Budget-conscious
3396,Occasional
3625,Budget-conscious
1441,Budget-conscious
3172,Occasional
2706,Occasional
2150,Occasional
1291,At risk / inactive customers
2749,Occasional
1246,At risk / inactive customers
862,Budget-conscious
2298,At risk / inactive customers
889,Budget-conscious
2030,Occasional
3220,Budget-conscious
3692,At risk / inactive customers
1401,Occasional
965,Budget-conscious
1453,At risk / inactive customers
3512,At risk / inactive customers
3926,Budget-conscious
2357,Occasional
2750,At risk / inactive customers
1054,Occasional
3786,Budget-conscious
680,At risk / inactive customers
1186,Budget-conscious
2275,Budget-conscious
2330,Budget-conscious
2148,Occasional
2077,Budget-conscious
2201,Budget-conscious
1542,At risk / inactive customers
2775,Occasional
2763,Budget-conscious
854,Budget-conscious
2342,Budget-conscious
1115,Budget-conscious
2294,At risk / inactive customers
1074,Occasional
1499,Occasional
2579,At risk / inactive customers
679,Occasional
1617,Budget-conscious
1930,Budget-conscious
2359,Budget-conscious
1813,Budget-conscious
1650,Budget-conscious
3831,At risk / inactive customers
3394,At risk / inactive customers
1272,Occasional
3272,Budget-conscious
903,Budget-conscious
2269,Occasional
1497,Occasional
1276,At risk / inactive customers
688,Budget-conscious
2267,Budget-conscious
3390,At risk / inactive customers
2063,At risk / inactive customers
3378,At risk / inactive customers
3685,At risk / inactive customers
1486,Occasional
3366,Budget-conscious
813,Budget-conscious
3219,Budget-conscious
3716,Occasional
1871,Occasional
3896,Occasional
2905,Budget-conscious
2265,At risk / inactive customers
1681,Occasional
2975,Occasional
833,Occasional
828,At risk / inactive customers
1575,Occasional
3018,Occasional
1014,At risk / inactive customers
3019,Occasional
3507,Budget-conscious
795,Budget-conscious
1574,Budget-conscious
2273,At risk / inactive customers
2766,Budget-conscious
767,At risk / inactive customers
3101,At risk / inactive customers
3114,At risk / inactive customers
2669,At risk / inactive customers
2614,Budget-conscious
3823,Occasional
2597,Occasional
3139,Budget-conscious
2285,Occasional
2755,At risk / inactive customers
2544,Occasional
3157,Occasional
2325,Budget-conscious
1760,Occasional
1791,Occasional
2089,Budget-conscious
2313,At risk / inactive customers
1399,Budget-conscious
3048,Budget-conscious
790,Occasional
2717,Budget-conscious
3772,Budget-conscious
3260,At risk / inactive customers
2744,Budget-conscious
3853,At risk / inactive customers
2261,At risk / inactive customers
1463,At risk / inactive customers
3885,Budget-conscious
1755,Budget-conscious
3045,Budget-conscious
3380,At risk / inactive customers
1518,Budget-conscious
3090,Budget-conscious
2561,Occasional
3526,Budget-conscious
1372,Budget-conscious
2809,At risk / inactive customers
3311,Occasional
1052,Budget-conscious
1101,Occasional
1294,At risk / inactive customers
2762,At risk / inactive customers
783,Budget-conscious
962,Budget-conscious
661,Occasional
1637,Occasional
3056,Occasional
3725,Occasional
724,Occasional
2475,At risk / inactive customers
2814,At risk / inactive customers
775,Occasional
3328,Budget-conscious
3989,At risk / inactive customers
1286,Occasional
2455,Budget-conscious
2719,Occasional
3699,Occasional
1253,Occasional
2333,At risk / inactive customers
2056,Budget-conscious
3124,Budget-conscious
3602,Occasional
1627,Occasional
2266,At risk / inactive customers
1297,Budget-conscious
2133,At risk / inactive customers
3876,Budget-conscious
3684,Budget-conscious
1086,At risk / inactive customers
942,Budget-conscious
3905,Occasional
1282,Occasional
2118,At risk / inactive customers
3353,Occasional
2852,At risk / inactive customers
2326,Budget-conscious
1998,At risk / inactive customers
2648,At risk / inactive customers
2312,Budget-conscious
778,Budget-conscious
3851,Occasional
3262,Budget-conscious
3802,Budget-conscious
1768,Budget-conscious
1833,Budget-conscious
3259,Occasional
2087,Occasional
3248,Budget-conscious
3499,Budget-conscious
1311,Occasional
3623,Budget-conscious
982,Budget-conscious
3078,Occasional
2501,At risk / inactive customers
2146,Budget-conscious
1726,Occasional
3431,Occasional
2479,Budget-conscious
3867,Budget-conscious
3239,At risk / inactive customers
3427,Occasional
2912,At risk / inactive customers
2467,At risk / inactive customers
2588,Budget-conscious
2169,Budget-conscious
2331,Budget-conscious
1943,Budget-conscious
3743,Budget-conscious
794,Budget-conscious
1417,Budget-conscious
1167,Budget-conscious
722,Budget-conscious
1700,Occasional
3805,At risk / inactive customers
3924,Occasional
3041,Budget-conscious
3516,Occasional
3198,Occasional
784,At risk / inactive customers
1107,Budget-conscious
3335,At risk / inactive customers
1193,At risk / inactive customers
1541,Budget-conscious
2058,Budget-conscious
2463,Budget-conscious
1946,Budget-conscious
2923,Budget-conscious
1079,Budget-conscious
3827,Budget-conscious
3870,Budget-conscious
3058,Occasional
2577,Occasional
664,At risk / inactive customers
1421,At risk / inactive customers
1245,Occasional
2152,Budget-conscious
3215,Budget-conscious
1725,Budget-conscious
3535,Budget-conscious
3091,Occasional
1100,Occasional
2724,Budget-conscious
2066,Budget-conscious
1648,Budget-conscious
2256,Budget-conscious
2086,Budget-conscious
1912,Budget-conscious
2405,At risk / inactive customers
3072,Occasional
2543,Occasional
3382,Occasional
1980,At risk / inactive customers
2793,At risk / inactive customers
3868,Budget-conscious
915,At risk / inactive customers
3128,Budget-conscious
1751,Budget-conscious
3590,Budget-conscious
2488,Occasional
2778,Occasional
3475,Occasional
3983,Budget-conscious
2807,At risk / inactive customers
2282,Occasional
3504,Budget-conscious
2522,Occasional
2578,Budget-conscious
2454,Occasional
2240,Occasional
2372,At risk / inactive customers
2764,Budget-conscious
2559,Budget-conscious
1616,Occasional
3938,Occasional
1211,Budget-conscious
2806,At risk / inactive customers
1333,Occasional
1667,Budget-conscious
1952,Budget-conscious
1370,Budget-conscious
1057,At risk / inactive customers
3863,Budget-conscious
716,Occasional
985,Budget-conscious
1269,Budget-conscious
3490,Occasional
2585,Occasional
1445,Budget-conscious
3737,At risk / inactive customers
2534,At risk / inactive customers
3815,Budget-conscious
2705,Occasional
3055,At risk / inactive customers
2297,At risk / inactive customers
2452,Occasional
936,At risk / inactive customers
2714,Occasional
1705,Occasional
1351,At risk / inactive customers
1510,Budget-conscious
3264,Budget-conscious
3338,Budget-conscious
2977,Occasional
3714,Occasional
3274,Occasional
1301,At risk / inactive customers
3346,Budget-conscious
1900,Occasional
1632,Occasional
1244,Occasional
3556,Occasional
3324,Occasional
3316,At risk / inactive customers
3184,Occasional
2542,Occasional
2043,Occasional
3928,Occasional
1045,Budget-conscious
3277,Occasional
1987,Occasional
2409,Budget-conscious
3606,At risk / inactive customers
1080,Budget-conscious
2922,Occasional
2268,Budget-conscious
1713,At risk / inactive customers
2301,Budget-conscious
2931,Budget-conscious
3742,Occasional
1454,Budget-conscious
2059,At risk / inactive customers
2262,Budget-conscious
2780,Occasional
3276,Occasional
2401,Budget-conscious
690,At risk / inactive customers
3797,Occasional
1879,Budget-conscious
2888,Occasional
3574,Budget-conscious
1944,Occasional
2867,Budget-conscious
2036,Budget-conscious
696,Occasional
941,At risk / inactive customers
3946,Occasional
1932,Occasional
2411,Budget-conscious
3428,Occasional
1615,Occasional
3062,Occasional
1414,Budget-conscious
2982,Budget-conscious
1775,Occasional
1744,Occasional
3839,At risk / inactive customers
2263,Occasional
3999,Budget-conscious
3033,Occasional
2049,Budget-conscious
1954,Occasional
893,Budget-conscious
3710,Budget-conscious
726,At risk / inactive customers
954,Budget-conscious
2288,Occasional
2020,Budget-conscious
1761,Budget-conscious
914,Budget-conscious
2114,Budget-conscious
2139,Occasional
1782,Occasional
1395,Occasional
2149,Budget-conscious
1488,Budget-conscious
2060,At risk / inactive customers
1867,At risk / inactive customers
2048,At risk / inactive customers
3990,Occasional
1645,Occasional
2061,Budget-conscious
2914,At risk / inactive customers
3947,Occasional
2751,At risk / inactive customers
2509,At risk / inactive customers
1974,At risk / inactive customers
1861,At risk / inactive customers
1957,At risk / inactive customers
1132,Occasional
2026,At risk / inactive customers
1543,Budget-conscious
3023,Budget-conscious
899,Budget-conscious
1239,Budget-conscious
2286,At risk / inactive customers
1975,Budget-conscious
3675,Occasional
2450,At risk / inactive customers
2884,At risk / inactive customers
2071,At risk / inactive customers
2253,Budget-conscious
2984,Budget-conscious
1131,Budget-conscious
709,Occasional
3858,Budget-conscious
2484,Occasional
1285,Occasional
2593,Budget-conscious
2938,At risk / inactive customers
2029,At risk / inactive customers
3792,Budget-conscious
3719,Budget-conscious
3908,At risk / inactive customers
2170,At risk / inactive customers
3693,At risk / inactive customers
698,Occasional
3519,Occasional
878,Budget-conscious
708,Budget-conscious
1047,Budget-conscious
1590,Occasional
1337,At risk / inactive customers
1811,Budget-conscious
1830,Budget-conscious
2786,At risk / inactive customers
751,Occasional
3199,Occasional
735,Budget-conscious
1375,Occasional
3496,Budget-conscious
1332,Occasional
1271,At risk / inactive customers
2956,Budget-conscious
2810,Occasional
2911,Occasional
2968,Occasional
3662,Occasional
3285,At risk / inactive customers
1183,Occasional
1189,At risk / inactive customers
3599,Occasional
3229,At risk / inactive customers
3136,At risk / inactive customers
1839,Occasional
2696,Budget-conscious
2102,Occasional
1251,Occasional
1599,Budget-conscious
2753,Occasional
3596,Budget-conscious
928,At risk / inactive customers
2122,At risk / inactive customers
2582,At risk / inactive customers
2953,At risk / inactive customers
2730,Budget-conscious
1731,Budget-conscious
3463,Budget-conscious
1205,At risk / inactive customers
3910,Budget-conscious
1334,Occasional
2756,At risk / inactive customers
1620,Budget-conscious
3257,At risk / inactive customers
3779,Occasional
2944,Budget-conscious
1058,Occasional
2547,Budget-conscious
2353,At risk / inactive customers
2709,Occasional
2548,Occasional
2599,At risk / inactive customers
888,Occasional
3022,Occasional
2885,Budget-conscious
3082,Occasional
3162,Budget-conscious
3273,Occasional
1070,Occasional
3430,At risk / inactive customers
3643,Budget-conscious
2021,Budget-conscious
734,At risk / inactive customers
3646,At risk / inactive customers
3726,Budget-conscious
3543,Budget-conscious
2516,Budget-conscious
2666,Budget-conscious
904,Occasional
2708,Occasional
1853,At risk / inactive customers
1110,Occasional
1707,Budget-conscious
3665,Occasional
1112,Occasional
2356,Budget-conscious
2541,Budget-conscious
1364,Occasional
1164,At risk / inactive customers
3122,At risk / inactive customers
1078,At risk / inactive customers
2057,Budget-conscious
2005,At risk / inactive customers
3577,Occasional
3127,Budget-conscious
2380,At risk / inactive customers
821,Budget-conscious
2451,Budget-conscious
1377,Occasional
977,Occasional
3576,At risk / inactive customers
655,Budget-conscious
844,Occasional
2115,Occasional
3132,At risk / inactive customers
2306,At risk / inactive customers
695,At risk / inactive customers
3695,Occasional
2244,Occasional
1702,Budget-conscious
2155,Budget-conscious
3137,Budget-conscious
763,Budget-conscious
3329,Budget-conscious
3398,At risk / inactive customers
1865,Budget-conscious
3560,Budget-conscious
879,Budget-conscious
2040,Budget-conscious
1405,At risk / inactive customers
1127,Occasional
2038,At risk / inactive customers
1344,Budget-conscious
949,At risk / inactive customers
3901,Budget-conscious
3628,Budget-conscious
3524,Budget-conscious
3097,Budget-conscious
650,At risk / inactive customers
1747,Occasional
1018,Occasional
2864,At risk / inactive customers
1494,Budget-conscious
3291,Occasional
2278,Budget-conscious
2500,Occasional
1188,Occasional
2966,Budget-conscious
1711,Occasional
2012,Budget-conscious
2608,Budget-conscious
2052,Budget-conscious
2181,Budget-conscious
3085,Occasional
3959,At risk / inactive customers
1625,Budget-conscious
1133,Budget-conscious
1810,Occasional
2078,Budget-conscious
1059,Budget-conscious
2361,Budget-conscious
3049,Budget-conscious
3654,Occasional
1482,At risk / inactive customers
1606,Budget-conscious
1754,Budget-conscious
3580,Budget-conscious
3645,At risk / inactive customers
1029,Occasional
3814,Occasional
1449,Occasional
3357,Occasional
3818,At risk / inactive customers
822,Budget-conscious
1077,Occasional
3845,At risk / inactive customers
1257,Occasional
3754,Budget-conscious
2726,At risk / inactive customers
3209,Budget-conscious
3704,Budget-conscious
1902,Occasional
3607,Occasional
758,Budget-conscious
1498,Budget-conscious
1085,Occasional
3188,Occasional
2829,At risk / inactive customers
3592,Occasional
1651,Occasional
1757,Occasional
3958,Budget-conscious
1990,Occasional
3744,Budget-conscious
3299,Occasional
2583,Budget-conscious
2589,Budget-conscious
2308,Budget-conscious
2804,Budget-conscious
2625,Occasional
1655,At risk / inactive customers
1527,Occasional
3301,At risk / inactive customers
2857,Occasional
1415,Budget-conscious
3440,Budget-conscious
1355,Occasional
2221,Occasional
1835,Budget-conscious
968,Occasional
2412,Budget-conscious
3969,Occasional
781,Occasional
3936,Occasional
1048,Budget-conscious
681,Budget-conscious
2344,Occasional
2621,Occasional
2459,Budget-conscious
2677,Occasional
1259,Budget-conscious
1094,At risk / inactive customers
3408,Budget-conscious
858,Budget-conscious
1533,Occasional
2711,Occasional
705,Budget-conscious
1137,Occasional
3762,Budget-conscious
2535,Budget-conscious
2410,Budget-conscious
1318,Budget-conscious
1860,Budget-conscious
3236,At risk / inactive customers
3442,Occasional
1397,Budget-conscious
2132,Budget-conscious
2433,Occasional
1221,At risk / inactive customers
2220,Budget-conscious
3620,At risk / inactive customers
2037,Budget-conscious
2462,Budget-conscious
952,Budget-conscious
3156,At risk / inactive customers
1624,Occasional
988,At risk / inactive customers
898,At risk / inactive customers
3449,Occasional
1022,At risk / inactive customers
653,At risk / inactive customers
1909,At risk / inactive customers
1156,Occasional
1920,Budget-conscious
2106,Occasional
2207,Occasional
3977,Budget-conscious
3118,At risk / inactive customers
3822,Occasional
3829,Occasional
3015,Budget-conscious
3340,Occasional
3222,Budget-conscious
674,Occasional
1969,Budget-conscious
2772,Occasional
2661,Occasional
1233,Occasional
2028,At risk / inactive customers
1671,Budget-conscious
1400,At risk / inactive customers
2702,Budget-conscious
2670,Budget-conscious
1818,At risk / inactive customers
1971,Budget-conscious
1520,Occasional
1600,Budget-conscious
711,Budget-conscious
937,Occasional
3854,At risk / inactive customers
3517,At risk / inactive customers
3415,Occasional
2164,Budget-conscious
1049,Occasional
2137,Occasional
3031,At risk / inactive customers
2209,Occasional
2162,Budget-conscious
3616,Budget-conscious
2375,Occasional
3319,Occasional
2202,Budget-conscious
669,Budget-conscious
2937,At risk / inactive customers
3871,Occasional
1749,At risk / inactive customers
3502,Occasional
3405,At risk / inactive customers
3951,Occasional
3541,Occasional
815,Occasional
1895,Occasional
3367,Budget-conscious
2092,Occasional
3658,Budget-conscious
1815,Occasional
3381,At risk / inactive customers
1716,Occasional
2940,Occasional
918,Budget-conscious
3955,At risk / inactive customers
1204,Occasional
1455,At risk / inactive customers
672,Occasional
3069,At risk / inactive customers
2820,At risk / inactive customers
1321,Budget-conscious
2141,At risk / inactive customers
2707,Budget-conscious
1947,Occasional
2470,Budget-conscious
3554,Occasional
2611,Occasional
3386,Occasional
2073,At risk / inactive customers
3918,Occasional
1374,Occasional
990,Occasional
3975,Occasional
859,At risk / inactive customers
2954,Budget-conscious
1630,Occasional
1124,Occasional
4000,Budget-conscious
1130,Budget-conscious
2289,Budget-conscious
1967,At risk / inactive customers
3850,Occasional
3025,Budget-conscious
1348,Budget-conscious
668,Budget-conscious
963,At risk / inactive customers
2172,Budget-conscious
2565,Occasional
3477,Occasional
978,Budget-conscious
969,Occasional
892,Occasional
2879,Occasional
776,Budget-conscious
1663,Budget-conscious
1841,Occasional
2145,Budget-conscious
1361,At risk / inactive customers
1783,At risk / inactive customers
3432,At risk / inactive customers
2352,Occasional
2299,Budget-conscious
1210,Occasional
1165,At risk / inactive customers
1828,Occasional
1459,Budget-conscious
3773,Budget-conscious
1410,Budget-conscious
2961,At risk / inactive customers
713,Occasional
2420,At risk / inactive customers
3846,Budget-conscious
1393,Budget-conscious
3641,At risk / inactive customers
2844,Budget-conscious
3615,Budget-conscious
3087,Occasional
3309,At risk / inactive customers
3770,Budget-conscious
3751,At risk / inactive customers
3476,Budget-conscious
1633,Budget-conscious
3568,Occasional
1001,At risk / inactive customers
1540,Budget-conscious
762,Occasional
3217,Occasional
3088,Budget-conscious
2758,Occasional
2068,Occasional
2183,Occasional
3537,Budget-conscious
3165,Budget-conscious
1424,At risk / inactive customers
3438,Budget-conscious
3159,At risk / inactive customers
1547,Occasional
1890,Occasional
2377,Budget-conscious
658,Budget-conscious
3436,At risk / inactive customers
2893,Budget-conscious
1592,Budget-conscious
3243,Budget-conscious
1369,At risk / inactive customers
3121,At risk / inactive customers
1638,Occasional
2013,At risk / inactive customers
3471,Occasional
1684,Occasional
1513,Occasional
1893,Budget-conscious
1635,Budget-conscious
3767,Occasional
1647,At risk / inactive customers
1268,Budget-conscious
1572,Occasional
3682,Occasional
3632,Occasional
2250,At risk / inactive customers
2639,At risk / inactive customers
3006,Occasional
2668,Occasional
757,Occasional
974,At risk / inactive customers
1593,Occasional
2910,At risk / inactive customers
2436,Occasional
1309,Budget-conscious
1666,Budget-conscious
1646,At risk / inactive customers
1571,Occasional
3703,Budget-conscious
2958,At risk / inactive customers
2849,At risk / inactive customers
860,At risk / inactive customers
2217,Budget-conscious
2495,Occasional
3009,At risk / inactive customers
1447,Budget-conscious
3189,At risk / inactive customers
1426,Occasional
1689,Budget-conscious
3791,Occasional
3244,Budget-conscious
3649,At risk / inactive customers
2429,Budget-conscious
2191,Occasional
1745,Budget-conscious
1588,Budget-conscious
1938,Budget-conscious
2506,At risk / inactive customers
2918,Occasional
1576,At risk / inactive customers
3819,Budget-conscious
3727,Occasional
2659,Occasional
3933,Budget-conscious
3446,Budget-conscious
2076,Budget-conscious
725,Budget-conscious
996,Budget-conscious
3765,At risk / inactive customers
799,Budget-conscious
765,Occasional
1241,Budget-conscious
3612,Occasional
1067,Occasional
868,Budget-conscious
1793,Occasional
1610,Budget-conscious
2176,At risk / inactive customers
1306,Budget-conscious
2238,At risk / inactive customers
3115,Occasional
3253,Budget-conscious
3017,At risk / inactive customers
749,Budget-conscious
1028,Occasional
3447,Occasional
2431,Occasional
2743,At risk / inactive customers
1914,At risk / inactive customers
2336,Budget-conscious
1280,At risk / inactive customers
1125,Occasional
3030,Budget-conscious
782,Occasional
1347,Budget-conscious
1778,At risk / inactive customers
2813,Occasional
1891,Occasional
3843,Budget-conscious
1752,At risk / inactive customers
3706,Occasional
1568,Budget-conscious
3523,At risk / inactive customers
1678,Budget-conscious
927,Occasional
2189,Budget-conscious
1166,Budget-conscious
1612,Occasional
1961,At risk / inactive customers
1553,Budget-conscious
1287,Occasional
1837,Budget-conscious
702,Occasional
1892,Occasional
1256,Budget-conscious
1561,Budget-conscious
2671,Budget-conscious
3538,Occasional
2142,Budget-conscious
1862,Occasional
1803,Budget-conscious
3332,Occasional
1159,Occasional
2332,Occasional
2679,Budget-conscious
3331,Occasional
2683,At risk / inactive customers
2768,Budget-conscious
1779,Occasional
752,Occasional
1545,Occasional
1919,Budget-conscious
3146,Budget-conscious
2074,Budget-conscious
2660,Budget-conscious
3393,Budget-conscious
1261,At risk / inactive customers
1238,Budget-conscious
1234,Occasional
730,Budget-conscious
2732,Occasional
2446,Occasional
2853,Budget-conscious
3372,At risk / inactive customers
2511,Budget-conscious
1669,Occasional
2364,At risk / inactive customers
2682,Occasional
1718,At risk / inactive customers
1622,Budget-conscious
2044,Occasional
2210,Occasional
3553,Occasional
1898,At risk / inactive customers
1979,Occasional
947,Budget-conscious
1266,Budget-conscious
1794,Occasional
1075,Budget-conscious
1353,Budget-conscious
2341,At risk / inactive customers
883,Occasional
2653,Occasional
2740,Budget-conscious
3572,Occasional
2167,Occasional
3443,At risk / inactive customers
3848,Occasional
1882,Occasional
738,Occasional
1512,Budget-conscious
1037,At risk / inactive customers
2010,Occasional
3595,Budget-conscious
1801,Occasional
3561,Occasional
2444,Budget-conscious
1797,Occasional
3795,Occasional
2800,Budget-conscious
2942,Occasional
3601,Budget-conscious
1076,Budget-conscious
1469,Occasional
2774,Budget-conscious
931,Budget-conscious
3320,Budget-conscious
3303,Budget-conscious
2247,Occasional
2224,Budget-conscious
3356,Budget-conscious
1264,Budget-conscious
863,Occasional
665,At risk / inactive customers
2960,Budget-conscious
2032,At risk / inactive customers
2924,Occasional
3514,At risk / inactive customers
3663,Budget-conscious
3093,Occasional
906,Occasional
3874,Budget-conscious
900,At risk / inactive customers
1123,Budget-conscious
2290,Budget-conscious
3212,Budget-conscious
2001,At risk / inactive customers
3604,Budget-conscious
1846,Budget-conscious
1905,Occasional
1442,Budget-conscious
2376,At risk / inactive customers
2350,Budget-conscious
2177,At risk / inactive customers
1675,Occasional
1929,Occasional
2981,At risk / inactive customers
3310,At risk / inactive customers
857,At risk / inactive customers
2018,At risk / inactive customers
3113,At risk / inactive customers
2794,Budget-conscious
1993,At risk / inactive customers
1728,Budget-conscious
2969,Occasional
999,Occasional
2557,Budget-conscious
1984,Occasional
2831,Budget-conscious
971,Budget-conscious
2323,At risk / inactive customers
1158,Occasional
2601,Occasional
1103,Occasional
2481,Occasional
3998,At risk / inactive customers
1989,At risk / inactive customers
2404,At risk / inactive customers
2345,At risk / inactive customers
2549,Budget-conscious
3026,Budget-conscious
717,At risk / inactive customers
2570,Occasional
973,Occasional
1955,Occasional
3263,Occasional
785,At risk / inactive customers
3520,Occasional
2748,At risk / inactive customers
3796,Occasional
1708,Budget-conscious
2566,Budget-conscious
754,At risk / inactive customers
2257,At risk / inactive customers
2292,Occasional
2229,Occasional
1335,Occasional
987,Budget-conscious
2866,Occasional
916,At risk / inactive customers
1825,Budget-conscious
3486,Occasional
3761,Occasional
2491,Occasional
2715,At risk / inactive customers
2613,Budget-conscious
1864,Budget-conscious
895,Occasional
3268,At risk / inactive customers
2634,Budget-conscious
1888,Occasional
3759,At risk / inactive customers
2620,Occasional
701,Occasional
2019,Occasional
2519,At risk / inactive customers
2134,Budget-conscious
1524,At risk / inactive customers
1508,Budget-conscious
830,Budget-conscious
1936,Occasional
910,At risk / inactive customers
1824,Occasional
755,Occasional
2691,Budget-conscious
3323,Occasional
1457,At risk / inactive customers
2642,At risk / inactive customers
1102,Budget-conscious
671,Occasional
2065,Occasional
1869,At risk / inactive customers
2438,At risk / inactive customers
1349,Occasional
2025,At risk / inactive customers
1511,Occasional
3775,Budget-conscious
3982,At risk / inactive customers
1113,Budget-conscious
3635,Occasional
2166,Occasional
842,Occasional
3182,Occasional
3811,Occasional
1460,Budget-conscious
2618,Occasional
1986,Occasional
3409,At risk / inactive customers
1190,Occasional
1201,At risk / inactive customers
2494,Occasional
2839,Occasional
3840,Budget-conscious
1985,At risk / inactive customers
1433,Occasional
3875,Occasional
3070,Budget-conscious
2687,Occasional
2887,Budget-conscious
3745,At risk / inactive customers
816,Budget-conscious
3666,At risk / inactive customers
2011,Budget-conscious
2123,Occasional
1889,At risk / inactive customers
2641,Occasional
3416,At risk / inactive customers
3021,Budget-conscious
1858,Occasional
3824,Budget-conscious
1149,At risk / inactive customers
2773,Occasional
2248,Budget-conscious
2316,Budget-conscious
841,Budget-conscious
3953,Occasional
2054,Occasional
779,Budget-conscious
3462,Budget-conscious
770,At risk / inactive customers
1764,At risk / inactive customers
660,Occasional
1163,Budget-conscious
3687,Occasional
2562,At risk / inactive customers
766,Budget-conscious
3054,At risk / inactive customers
3700,At risk / inactive customers
3668,Occasional
2415,At risk / inactive customers
1290,Budget-conscious
1723,Occasional
2862,Occasional
2291,Budget-conscious
932,Occasional
2796,At risk / inactive customers
2770,Occasional
3893,Occasional
1213,At risk / inactive customers
3095,Budget-conscious
2575,Budget-conscious
3758,Budget-conscious
861,Budget-conscious
3536,Budget-conscious
3013,At risk / inactive customers
3105,Occasional
1683,Occasional
3074,Budget-conscious
3465,Budget-conscious
3135,Occasional
3064,Occasional
1385,At risk / inactive customers
2466,Occasional
2274,Occasional
1484,At risk / inactive customers
3807,Budget-conscious
2650,Occasional
3480,Budget-conscious
3492,Budget-conscious
1240,Budget-conscious
1005,Budget-conscious
2204,Occasional
791,Budget-conscious
1106,Occasional
1983,Occasional
2281,Occasional
2126,At risk / inactive customers
1042,Budget-conscious
956,At risk / inactive customers
2338,Budget-conscious
2271,At risk / inactive customers
2144,At risk / inactive customers
2230,Budget-conscious
2673,Budget-conscious
2127,Occasional
1591,Budget-conscious
3207,Budget-conscious
1641,Budget-conscious
2948,At risk / inactive customers
3489,At risk / inactive customers
2096,At risk / inactive customers
3411,Budget-conscious
835,Budget-conscious
3877,Occasional
1577,Occasional
2095,At risk / inactive customers
925,Occasional
871,Budget-conscious
1129,Budget-conscious
2971,Budget-conscious
3705,Occasional
1039,Occasional
2979,Budget-conscious
2399,Budget-conscious
740,Occasional
1619,Budget-conscious
3927,Occasional
1358,At risk / inactive customers
3931,Budget-conscious
1634,Budget-conscious
2692,Occasional
3571,Occasional
2527,Occasional
3816,Budget-conscious
1505,At risk / inactive customers
3129,At risk / inactive customers
1829,Occasional
2967,Occasional
2110,At risk / inactive customers
3148,Budget-conscious
948,Occasional
3083,Occasional
807,Budget-conscious
1117,Budget-conscious
3589,Budget-conscious
1787,Budget-conscious
1161,Budget-conscious
1706,At risk / inactive customers
1691,Budget-conscious
1485,Budget-conscious
1448,Occasional
1108,Budget-conscious
2581,Budget-conscious
1901,Budget-conscious
1278,Occasional
2307,Occasional
747,Budget-conscious
2894,Budget-conscious
1000,At risk / inactive customers
1336,Occasional
3039,Budget-conscious
1822,At risk / inactive customers
1430,Occasional
2860,Budget-conscious
3029,Budget-conscious
1443,At risk / inactive customers
2031,At risk / inactive customers
3210,Occasional
1805,Budget-conscious
3882,Occasional
1687,Occasional
922,Occasional
2932,At risk / inactive customers
2612,Occasional
2868,Occasional
793,At risk / inactive customers
3755,Occasional
3406,At risk / inactive customers
2187,Budget-conscious
933,Budget-conscious
3350,Budget-conscious
3067,At risk / inactive customers
1314,Budget-conscious
2815,Budget-conscious
2354,Occasional
1621,Occasional
1557,Budget-conscious
3597,Occasional
3336,Budget-conscious
1398,Occasional
1963,Budget-conscious
1544,Budget-conscious
2628,Budget-conscious
872,Occasional
2964,Occasional
2351,Occasional
2402,Budget-conscious
957,Occasional
3884,Budget-conscious
2213,At risk / inactive customers
1055,Occasional
834,At risk / inactive customers
700,Occasional
1734,Budget-conscious
919,At risk / inactive customers
1847,At risk / inactive customers
3407,Budget-conscious
2676,Occasional
1736,Budget-conscious
1870,Budget-conscious
1437,At risk / inactive customers
1422,Budget-conscious
2963,Occasional
912,Occasional
3776,Budget-conscious
2824,At risk / inactive customers
1009,Occasional
1579,Budget-conscious
1945,Occasional
1308,Occasional
1664,Occasional
1876,Budget-conscious
1704,Budget-conscious
2219,Occasional
3034,Budget-conscious
3655,Occasional
3800,At risk / inactive customers
3043,Occasional
1214,Occasional
3360,Budget-conscious
3581,At risk / inactive customers
2251,Budget-conscious
2120,Budget-conscious
2919,Budget-conscious
2858,Occasional
1427,Budget-conscious
3151,Budget-conscious
991,Occasional
2388,Occasional
1324,Occasional
2553,Occasional
1872,Budget-conscious
1403,At risk / inactive customers
706,Budget-conscious
1741,At risk / inactive customers
1185,Budget-conscious
2739,Occasional
2097,At risk / inactive customers
715,Budget-conscious
1056,At risk / inactive customers
3651,Occasional
2283,At risk / inactive customers
2314,Occasional
3510,Occasional
2161,At risk / inactive customers
3756,At risk / inactive customers
684,Budget-conscious
976,Occasional
2193,Budget-conscious
3130,Budget-conscious
2258,Budget-conscious
3071,Budget-conscious
3177,Budget-conscious
3634,Budget-conscious
3686,Occasional
1759,Occasional
1170,At risk / inactive customers
1386,Budget-conscious
3777,Occasional
2915,Budget-conscious
2675,Occasional
3371,Occasional
817,Budget-conscious
1379,Budget-conscious
2985,Occasional
3448,Occasional
853,Occasional
2983,Occasional
787,Occasional
2259,Occasional
2662,Occasional
1406,Occasional
3279,Budget-conscious
2425,At risk / inactive customers
827,Budget-conscious
1140,Occasional
1563,Occasional
2493,At risk / inactive customers
3284,Occasional
3555,Occasional
2198,Occasional
1603,Occasional
3037,Budget-conscious
3890,Budget-conscious
2567,Budget-conscious
1991,At risk / inactive customers
2303,Budget-conscious
1090,Budget-conscious
3837,At risk / inactive customers
1854,At risk / inactive customers
2993,At risk / inactive customers
3713,Budget-conscious
3457,Budget-conscious
3094,Budget-conscious
1116,Occasional
2703,Budget-conscious
2505,At risk / inactive customers
3631,Budget-conscious
3203,Budget-conscious
777,Occasional
1066,Budget-conscious
2154,Occasional
2179,Occasional
3052,Budget-conscious
3266,Occasional
3007,At risk / inactive customers
1584,At risk / inactive customers
3388,At risk / inactive customers
3949,Occasional
2414,At risk / inactive customers
2225,Budget-conscious
2381,At risk / inactive customers
3076,Occasional
1118,Occasional
1491,At risk / inactive customers
3014,Budget-conscious
2349,At risk / inactive customers
2346,Occasional
2439,At risk / inactive customers
1033,At risk / inactive customers
2551,At risk / inactive customers
2498,Budget-conscious
3812,At risk / inactive customers
1881,Occasional
3111,Budget-conscious
1366,At risk / inactive customers
1084,Occasional
3891,Occasional
2035,Budget-conscious
1649,Budget-conscious
3012,At risk / inactive customers
1885,Occasional
1367,Occasional
2175,Budget-conscious
2070,Budget-conscious
2901,Budget-conscious
1383,Budget-conscious
2178,Occasional
3842,Occasional
1381,At risk / inactive customers
3513,Budget-conscious
1501,Budget-conscious
2360,Occasional
2951,At risk / inactive customers
773,Occasional
1322,Budget-conscious
2598,Occasional
2487,Occasional
1965,Occasional
2486,Occasional
3047,Occasional
3720,Budget-conscious
865,Occasional
2456,Occasional
929,Occasional
1613,Occasional
1360,Occasional
2337,At risk / inactive customers
2315,Occasional
3740,Occasional
714,Budget-conscious
3678,At risk / inactive customers
2841,Budget-conscious
1027,Occasional
3889,Occasional
2978,Occasional
3627,At risk / inactive customers
3789,Occasional
1656,Budget-conscious
1391,Occasional
3609,At risk / inactive customers
1739,At risk / inactive customers
1672,Budget-conscious
736,Budget-conscious
839,Budget-conscious
2322,Budget-conscious
3788,At risk / inactive customers
1095,Occasional
3712,Occasional
3856,Budget-conscious
3562,Budget-conscious
805,Occasional
3605,Occasional
2674,Occasional
3005,Occasional
1237,Budget-conscious
3377,Occasional
3809,Budget-conscious
3216,Budget-conscious
3439,Occasional
940,Occasional
3204,Occasional
699,Budget-conscious
1907,Occasional
2865,Occasional
972,Occasional
1283,Budget-conscious
1378,At risk / inactive customers
3473,Budget-conscious
1420,At risk / inactive customers
1176,Occasional
1670,Budget-conscious
3126,Budget-conscious
1514,Occasional
3992,Budget-conscious
855,Occasional
2236,Occasional
2959,Occasional
1409,At risk / inactive customers
2050,Budget-conscious
810,Budget-conscious
1225,Budget-conscious
1767,Occasional
1636,At risk / inactive customers
2296,At risk / inactive customers
2309,Budget-conscious
826,At risk / inactive customers
806,Budget-conscious
2136,Occasional
3493,Occasional
3821,Occasional
2473,Budget-conscious
2781,Occasional
3117,Occasional
1231,At risk / inactive customers
2842,At risk / inactive customers
3972,Occasional
3364,Budget-conscious
1073,At risk / inactive customers
923,At risk / inactive customers
3481,Occasional
2832,Budget-conscious
3060,Budget-conscious
3861,Occasional
1312,Budget-conscious
2595,Budget-conscious
3455,Budget-conscious
2647,Budget-conscious
1843,Budget-conscious
3787,Budget-conscious
1714,At risk / inactive customers
2284,At risk / inactive customers
1658,Occasional
1796,Budget-conscious
2211,Occasional
3636,Budget-conscious
1138,Occasional
675,Occasional
3467,Occasional
2533,Budget-conscious
1554,At risk / inactive customers
3142,At risk / inactive customers
1262,Occasional
2897,Occasional
1359,Budget-conscious
3594,Budget-conscious
2518,Occasional
1522,Occasional
1199,Budget-conscious
1258,Budget-conscious
1800,Occasional
3965,Occasional
3847,At risk / inactive customers
3164,Occasional
1365,Budget-conscious
2090,Occasional
2725,Budget-conscious
1777,At risk / inactive customers
1203,Budget-conscious
2754,Occasional
1223,Occasional
3038,Occasional
1060,Occasional
3460,Occasional
3647,Occasional
2242,Occasional
1154,Occasional
2733,Budget-conscious
3578,Budget-conscious
3245,Budget-conscious
1450,At risk / inactive customers
3978,At risk / inactive customers
1737,At risk / inactive customers
3679,Occasional
3894,Occasional
663,At risk / inactive customers
1004,Budget-conscious
803,Occasional
2610,Occasional
2098,At risk / inactive customers
1275,Occasional
3624,Budget-conscious
1296,Occasional
1799,Occasional
3352,Occasional
2895,At risk / inactive customers
2995,Budget-conscious
3943,Budget-conscious
3671,Budget-conscious
3722,Budget-conscious
2798,Budget-conscious
891,Budget-conscious
3935,Budget-conscious
2630,Budget-conscious
1528,Budget-conscious
3458,At risk / inactive customers
2156,At risk / inactive customers
2365,Budget-conscious
2767,Occasional
2382,Budget-conscious
1763,Occasional
3158,Occasional
3803,Budget-conscious
689,At risk / inactive customers
1534,Budget-conscious
2916,Budget-conscious
3403,Budget-conscious
1995,Occasional
697,Occasional
3150,Budget-conscious
1475,Budget-conscious
1765,At risk / inactive customers
1981,Occasional
819,Occasional
3582,At risk / inactive customers
1431,At risk / inactive customers
3138,Budget-conscious
3330,Occasional
3349,Budget-conscious
2856,At risk / inactive customers
3374,Occasional
1640,Budget-conscious
2464,Budget-conscious
1631,Budget-conscious
897,Occasional
1521,At risk / inactive customers
1840,Occasional
2512,Budget-conscious
3833,Occasional
1642,At risk / inactive customers
3673,Occasional
1215,Budget-conscious
1570,At risk / inactive customers
3104,Budget-conscious
2403,Occasional
2827,Occasional
2129,Budget-conscious
2398,At risk / inactive customers
1330,At risk / inactive customers
3940,Occasional
1479,At risk / inactive customers
2624,Budget-conscious
1342,Occasional
1229,Occasional
2367,Occasional
1785,Budget-conscious
1970,Occasional
678,Budget-conscious
3667,At risk / inactive customers
1492,Occasional
1608,Budget-conscious
3832,Budget-conscious
1425,Budget-conscious
1346,Occasional
882,Occasional
2526,Budget-conscious
2943,Occasional
1715,Budget-conscious
2727,Occasional
2430,At risk / inactive customers
1007,Occasional
2465,Budget-conscious
3154,Occasional
3689,Budget-conscious
1051,Occasional
1191,Occasional
1136,Budget-conscious
3170,At risk / inactive customers
2027,Occasional
3996,Occasional
1172,At risk / inactive customers
2539,At risk / inactive customers
2560,Occasional
718,Occasional
3966,Occasional
743,Occasional
1942,Budget-conscious
2124,Budget-conscious
2246,Budget-conscious
3441,Occasional
3509,Occasional
1875,At risk / inactive customers
1874,Budget-conscious
2407,Occasional
2406,At risk / inactive customers
1842,Budget-conscious
1951,Occasional
3702,Budget-conscious
2987,Budget-conscious
2874,Occasional
2616,Occasional
3828,Occasional
1146,Occasional
1894,Occasional
2848,At risk / inactive customers
2055,Budget-conscious
1284,Occasional
1921,Occasional
3306,Occasional
3453,At risk / inactive customers
1956,Budget-conscious
3518,Occasional
2552,Budget-conscious
1304,Occasional
2497,At risk / inactive customers
1808,Budget-conscious
3557,Occasional
1243,Budget-conscious
890,Occasional
2190,Budget-conscious
1652,Budget-conscious
2665,Occasional
3267,Budget-conscious
3144,At risk / inactive customers
3293,Occasional
3622,At risk / inactive customers
3768,Budget-conscious
745,Budget-conscious
3540,Occasional
3997,Occasional
721,Budget-conscious
3859,Budget-conscious
3185,Occasional
1226,Budget-conscious
2075,At risk / inactive customers
2343,Budget-conscious
3232,Occasional
3474,Occasional
1104,Budget-conscious
3603,Budget-conscious
2603,Occasional
2440,Occasional
1040,Occasional
2088,At risk / inactive customers
2045,Occasional
2279,Budget-conscious
1313,Budget-conscious
1626,At risk / inactive customers
3904,Budget-conscious
3470,Budget-conscious
2873,Occasional
3494,At risk / inactive customers
2949,Occasional
1109,Budget-conscious
2626,Budget-conscious
3192,Budget-conscious
1639,At risk / inactive customers
1089,Budget-conscious
979,Occasional
2871,Occasional
3934,Occasional
2569,Budget-conscious
1338,Budget-conscious
989,Budget-conscious
1948,Budget-conscious
1435,Occasional
2818,Occasional
3696,At risk / inactive customers
3348,Budget-conscious
2160,Occasional
951,Occasional
2419,Budget-conscious
3903,Occasional
3545,At risk / inactive customers
3913,Occasional
1531,Budget-conscious
924,Budget-conscious
3147,At risk / inactive customers
2837,At risk / inactive customers
1614,At risk / inactive customers
2606,Occasional
1472,At risk / inactive customers
3326,Occasional
3125,Occasional
824,Occasional
2340,Budget-conscious
1436,Occasional
2293,Budget-conscious
3420,Budget-conscious
3771,Budget-conscious
2195,Occasional
997,Occasional
1096,At risk / inactive customers
2199,Budget-conscious
648,Budget-conscious
3464,At risk / inactive customers
1187,At risk / inactive customers
3098,At risk / inactive customers
3865,Budget-conscious
1573,At risk / inactive customers
3707,Budget-conscious
1478,Occasional
3552,Occasional
3995,Budget-conscious
1926,Budget-conscious
2510,Occasional
2695,At risk / inactive customers
2586,Budget-conscious
2645,At risk / inactive customers
3155,At risk / inactive customers
2478,Occasional
1762,Budget-conscious
1411,Occasional
3032,At risk / inactive customers
1152,Budget-conscious
3669,Budget-conscious
731,Occasional
2276,Occasional
3307,Occasional
1934,Budget-conscious
2710,At risk / inactive customers
3173,At risk / inactive customers
3551,At risk / inactive customers
1602,Budget-conscious
831,Occasional
2783,At risk / inactive customers
2792,Budget-conscious
1153,Occasional
1467,Occasional
1643,Occasional
1069,Budget-conscious
3866,Occasional
1279,Budget-conscious
3376,Budget-conscious
2394,At risk / inactive customers
3109,Budget-conscious
1155,Budget-conscious
1198,Budget-conscious
1863,Occasional
1150,Budget-conscious
3731,At risk / inactive customers
3282,Occasional
789,At risk / inactive customers
1535,Budget-conscious
3302,At risk / inactive customers
3872,Budget-conscious
2980,Occasional
3193,Occasional
1145,At risk / inactive customers
3312,Occasional
1295,At risk / inactive customers
3500,Occasional
3836,Occasional
3980,At risk / inactive customers
2227,Occasional
2117,Budget-conscious
1082,At risk / inactive customers
3359,Budget-conscious
2503,Budget-conscious
3835,Occasional
2184,Occasional
1784,Budget-conscious
1866,At risk / inactive customers
3583,Occasional
959,At risk / inactive customers
3280,Budget-conscious
2747,Occasional
1363,Occasional
3941,Budget-conscious
1249,At risk / inactive customers
1144,Occasional
2105,Budget-conscious
2200,Budget-conscious
2042,At risk / inactive customers
2996,At risk / inactive customers
3849,Budget-conscious
1451,At risk / inactive customers
772,Budget-conscious
2826,Budget-conscious
2802,Budget-conscious
2532,Occasional
3813,Budget-conscious
2761,Budget-conscious
1474,Occasional
2672,At risk / inactive customers
2107,Budget-conscious
2226,At risk / inactive customers
1826,Budget-conscious
3558,Budget-conscious
2970,Budget-conscious
3548,Occasional
2378,Occasional
836,Budget-conscious
1844,Occasional
686,Budget-conscious
2347,Budget-conscious
2536,At risk / inactive customers
1587,At risk / inactive customers
1913,Occasional
2422,At risk / inactive customers
3834,Occasional
2574,At risk / inactive customers
3852,At risk / inactive customers
2362,At risk / inactive customers
3838,At risk / inactive customers
2460,Budget-conscious
1357,Budget-conscious
1419,Budget-conscious
3730,Occasional
1412,Occasional
1769,Occasional
3790,Budget-conscious
3392,Budget-conscious
2147,Occasional
3028,Occasional
673,Occasional
2490,At risk / inactive customers
820,At risk / inactive customers
1686,Occasional
3738,Occasional
1483,Budget-conscious
3994,Occasional
3178,At risk / inactive customers
646,At risk / inactive customers
3417,Budget-conscious
2745,Budget-conscious
3974,At risk / inactive customers
2729,Budget-conscious
2214,Budget-conscious
1179,Budget-conscious
1548,Occasional
1300,Budget-conscious
2850,Occasional
894,Budget-conscious
832,Budget-conscious
2499,Occasional
3482,Occasional
682,Budget-conscious
2317,Occasional
2654,Budget-conscious
1343,Budget-conscious
1016,Budget-conscious
3327,Budget-conscious
2604,Occasional
2009,At risk / inactive customers
818,Occasional
3365,Budget-conscious
3077,Budget-conscious
2892,Budget-conscious
3355,Occasional
880,Occasional
1388,Occasional
3506,Occasional
1555,At risk / inactive customers
1316,At risk / inactive customers
3166,Budget-conscious
2085,Occasional
2119,Occasional
1139,Occasional
1941,At risk / inactive customers
3061,Occasional
3897,Occasional
2596,Occasional
1097,Budget-conscious
732,Budget-conscious
1063,Occasional
1855,Occasional
1462,Budget-conscious
3333,Occasional
3445,At risk / inactive customers
1660,High-value
2891,At risk / inactive customers
3855,Budget-conscious
1816,Occasional
3224,At risk / inactive customers
3708,Occasional
1356,Budget-conscious
761,At risk / inactive customers
2622,At risk / inactive customers
1618,Budget-conscious
1310,At risk / inactive customers
1788,Occasional
3066,At risk / inactive customers
3680,Budget-conscious
1517,Occasional
2000,At risk / inactive customers
3916,Budget-conscious
1962,Occasional
1496,Occasional
2925,Budget-conscious
2855,Budget-conscious
2684,Occasional
3573,Occasional
3892,Occasional
3003,Budget-conscious
2072,Occasional
3246,At risk / inactive customers
1345,At risk / inactive customers
1692,Occasional
1662,Occasional
2471,Budget-conscious
2903,Budget-conscious
1061,Occasional
1964,Occasional
1526,Occasional
2104,Budget-conscious
1988,Occasional
975,Occasional
3399,Occasional
683,Budget-conscious
3002,High-value
3292,Occasional
1682,High-value
3358,High-value
2504,Budget-conscious
3501,High-value
1434,At risk / inactive customers
3569,Budget-conscious
3485,Occasional
3271,At risk / inactive customers
3075,Budget-conscious
2607,Budget-conscious
934,High-value
2069,Occasional
1466,Budget-conscious
2678,Occasional
1368,Budget-conscious
2232,At risk / inactive customers
2728,High-value
3103,High-value
2988,Occasional
1339,At risk / inactive customers
1552,Budget-conscious
2321,Occasional
2991,Occasional
3566,Budget-conscious
3939,At risk / inactive customers
2721,Budget-conscious
1567,Occasional
1072,Budget-conscious
1184,High-value
2760,Occasional
3035,High-value
3195,Occasional
2324,High-value
1698,High-value
2840,High-value
1480,High-value
733,High-value
3027,High-value
3914,High-value
1774,Occasional
1611,High-value
1020,Occasional
1746,High-value
3718,Occasional
1091,High-value
1208,High-value
1529,Occasional
1676,At risk / inactive customers
1697,High-value
3820,High-value
3919,Occasional
3495,High-value
953,Occasional
2994,Occasional
2024,Budget-conscious
1065,Occasional
3817,High-value
3479,Occasional
3593,Occasional
3375,High-value
3412,High-value
1917,High-value
1230,High-value
1050,High-value
3825,High-value
2992,High-value
1950,High-value
3547,At risk / inactive customers
2437,Occasional
3283,High-value
2205,High-value
1753,High-value
2215,Occasional
2817,High-value
3677,High-value
1255,High-value
1940,Occasional
3454,High-value
3369,High-value
3123,High-value
2921,High-value
3190,High-value
677,High-value
1273,High-value
3701,High-value
2556,High-value
2243,High-value
2592,High-value
2254,High-value
1293,High-value
1010,High-value
1471,High-value
3423,High-value
3611,High-value
2101,High-value
1733,High-value
2571,High-value
2934,High-value
2623,High-value
2067,High-value
1507,High-value
881,High-value
2927,High-value
3024,High-value
2655,High-value
1305,High-value
2135,High-value
3650,High-value
3644,High-value
1025,High-value
3456,High-value
2476,High-value
2663,High-value
3413,High-value
2976,High-value
2374,High-value
2469,High-value
1350,High-value
1819,High-value
2636,High-value
3917,High-value
1657,High-value
2004,High-value
3304,High-value
3370,High-value
2002,High-value
2563,High-value
2974,High-value
3167,High-value
1212,High-value
2836,High-value
2517,High-value
3570,High-value
3373,High-value
1207,High-value
1699,High-value
2863,High-value
1717,High-value
3385,High-value
3225,High-value
1515,High-value
1766,High-value
2249,High-value
2633,High-value
2881,High-value
3879,High-value
3418,High-value
2875,High-value
3149,High-value
1729,High-value
2769,High-value
2111,High-value
676,High-value
2530,High-value
3907,High-value
3656,High-value
3629,High-value
720,High-value
1034,High-value
1148,High-value
2896,High-value
2318,High-value
3187,High-value
3888,High-value
3830,High-value
1748,High-value
2713,High-value
3963,High-value
3915,High-value
2941,High-value
823,High-value
746,High-value
877,High-value
1850,High-value
856,High-value
811,High-value
3586,High-value
2168,High-value
1252,High-value
2643,High-value
2489,High-value
3344,High-value
1629,High-value
945,High-value
3883,High-value
3648,High-value
2443,High-value
2693,High-value
1960,High-value
3254,High-value
2929,High-value
2192,High-value
769,High-value
3452,High-value
3860,High-value
1160,High-value
3585,High-value
2746,High-value
3057,High-value
1886,High-value
3252,High-value
3619,High-value
2752,High-value
848,High-value
2081,High-value
3102,High-value
2234,High-value
3670,High-value
2936,High-value
2300,High-value
3984,High-value
1806,High-value
3950,High-value
1628,High-value
3979,High-value
1036,High-value
3230,High-value
3290,High-value
2757,High-value
1688,High-value
1585,High-value
3964,High-value
1559,High-value
1195,High-value
2099,High-value
3141,High-value
3626,High-value
